Code,Name,Type,Ownership,HOD Email,Name (Khmer),Address,Phone,Map Link
KDT,TUBE COFFEE KDAN TWO,store,franchiser,,ធ្យូបកាហ្វេ ក្ដាន់ពីរ,"#D3&E, St.169, Sangkat Veal Vong, Khan 7 Makara, Phnom Penh.",010 680 575,https://maps.app.goo.gl/ocdUxgUFM45sdVP86
CDP,TUBE COFFEE + CANADIA PARK,store,franchisee,,ធ្យូបកាហ្វេផ្លឹស កាណាឌីយ៉ាផាក,"#103AE0, St.67 CORNER 108, Sangkat Wat Phnom, Khan Daun Penh, Phnom Penh.",096 858 5999,https://maps.app.goo.gl/Fv3JJfEhxKMPoeVf8
CCV,TUBE COFFEE + CHROY CHANGVAR,store,franchisee,,ធ្យូបកាហ្វេផ្លឹស ជ្រោយចង្វារ,"National Road 6, Sangkat Chroy Chong var, khan Chroy Chong Var, Phnom Penh.",069 972 953,https://maps.app.goo.gl/ZC8WRuVWk1aFSjGi6
RUL,TUBE COFFEE RULE,store,franchisee,,ធ្យូបកាហ្វេ សាលាច្បាប់,"#791, St.Pras Mony Vong (93), Sangkat Boeung Trabek, Khan Chamkamorn, Phnom Penh.",016 2222 15,https://maps.app.goo.gl/rpcidH6opHQ2SkPXA
BTS,TUBE COFFEE BAK TOUK SCHOOL,store,franchisee,,ធ្យូបកាហ្វេ បាក់ទូក,"Street 182 & 189, Sangkat Veal Vong , Khan 7 Makara Phnom Penh, Cambodia.",069 972 653,https://maps.app.goo.gl/5ESiuZMfSq3267cT9
TTP,TUBE COFFEE TOUL TOMPOUNG,store,franchisee,,ធ្យូបកាហ្វេ ទួលទំពូង,"#66E0E1, St.163, Sangkat TTP I, Khan Chamkamorn, Phnom Penh.",015 292 977,https://maps.app.goo.gl/3PbJ2HVCDi1JG6JU8
TKS,TUBE COFFEE TOUL KORK SAMAI SQUARE,store,franchisee,,ធ្យូបកាហ្វេ ទួលគោកសាម៉ៃស៊្វែរ,"SAMAI SQUARE #2, St. 337, Sangkat Boeung Kok 1, Khan Toul Kork, Phnom Penh.",015 915 599,https://maps.app.goo.gl/HSvCXhps4YcBFkw19
IFC,TUBE COFFEE INSTITUTE FRANCAIS,store,franchisee,,ធ្យូបកាហ្វេ អាឡីយ៉ង់ហ្រ្វង់សេ,"#103, St.185, Sangkat Boeung Rang, Khan Doun Penh, Phnom Penh.",010 321 488,https://maps.app.goo.gl/JvYrXMNRg5Z1252a7
CAP,TUBE COFFEE CHHBAR AMPOV,store,franchisee,,ធ្យូបកាហ្វេ ច្បារអំពៅ,"#570AE0, St.1, Sangkat Chbar Ampov2, Khan Meanchey, Phnom Penh.",093 321 488,https://maps.app.goo.gl/VnBhtJpBG7pULe8fA
RSK,TUBE COFFEE RUSSEY KEO,store,franchisee,,ធ្យូបកាហ្វេ ឬស្សីកែវ,"#567, St.5,Sangkat Russey Keo, Khan Russey Keo, Phnom Penh.",016 956 555,https://maps.app.goo.gl/DrDxpwf5oXKDXnSk8
TGM,TUBE COFFEE THE GREEN MALL,store,franchisee,,ធ្យូបកាហ្វេ ដឹហ្រ្គីនម៉ល,"The Green Mall, St. 3032, Lot 360, Sangkat Khmounh, Khan Sen Sok, Phnom Penh.",087 882 377,https://maps.app.goo.gl/5wbDFsBVTZiEXcPR8
BRD,TUBE COFFEE BEY ROY DOB,store,franchisee,,ធ្យូបកាហ្វេ ផ្លូវ៣១០,"#456, St.310, Phum 2, Sangkat BKK3, Khan Chamkamorn, Phnom Penh.",069 546 668,https://maps.app.goo.gl/RHxLPQNncXzWsUs5A
STM,TUBE COFFEE SANTHORMOK,store,franchisee,,ធ្យូបកាហ្វេ សន្ធរម៉ុក,"Address: #648, St.128, Phum 2, Sangkat Teuk Laak 1, Khan Toul Kork, Phnom Penh.",015 711 533,https://maps.app.goo.gl/jQpP38mUgDuxSyhz9
KRR,TUBE COFFEE KIRIROM,store,franchisee,,ធ្យូបកាហ្វេ គីរីរម្យ,"#123AE0, St.Preah Sihanouk Blv, Sangkat Boeung Prolet, Khan 7 Makara, Phnom Penh.",070 912 288,https://maps.app.goo.gl/BzJ9PfjnAsdJjgMF9
HLM,TUBE COFFEE HENGLY MARKET,store,franchisee,,ធ្យូបកាហ្វេ ហេងលី,"#648, St.128, Phum 2, Sangkat Teuk Laak 1, Khan Toul Kork, Phnom Penh.",016 980 585,https://maps.app.goo.gl/Q8A3wLmbMTo7eJA4A
TKM,TUBE COFFEE TA KHMAO,store,franchisee,,ធ្យូបកាហ្វេ តាខ្មៅ,"St. 206, Phum Derm Mean, Sangkat Derm Mean, Takmao, Kandal Province.",098 266 474,https://maps.app.goo.gl/9Zx4vauxWj7C89mJ9
CMM,TUBE COFFEE CHOUK MEAS MARKET,store,franchisee,,ធ្យូបកាហ្វេ ឈូកមាស,"Land 191, St. Oknha Heng Try, Phum Kouk Khleang, Sangkat Phnom Penh Thmey, Khan Sen Sok, Phnom Penh.",098 837 989,https://maps.app.goo.gl/yqS1r7Smdd9ccrqMA
SMC,TUBE COFFEE STEUNG MEANCHEY,store,franchisee,,ធ្យូបកាហ្វេ ស្ទឹងមានជ័យ,"#631, St. Preah Monireth 217, Sangkat Stoeung Mean Chey2, Phnom Penh.",087 81 79 89,https://maps.app.goo.gl/rTVjK9qnSwpFP4z16
FBP,TUBE COFFEE TOUL SANGKE,store,franchisee,,ធ្យូបកាហ្វេ ទួលសង្កែ,"St. 62R, Group 11, Phum Toul Sompao, Sangkat Toul Sangke 1, Phnom Penh.",069 467 778,https://maps.app.goo.gl/ifgGdcHMvZWihakU8
VSB,TUBE COFFEE VENG SRENG,store,franchisee,,ធ្យូបកាហ្វេ វេងស្រេង,"#032, Veng Sreng Blvd, Sangkat Chom Chao1, Khan Por Sencheyt, Phnom Penh.",086 56 79 89,https://maps.app.goo.gl/ur99BTRkcxvdZhKdA
SEA,TUBE COFFEE SEA TV,store,franchisee,,ធ្យូបកាហ្វេ អាស៊ីអាគ្នេយ៍,"B52, street 1019, Sangkat Teuk Thla, khan Sensok, Phnom Penh",069 277 989,https://maps.app.goo.gl/Pop69hJbywn73wLB6
DPM,TUBE COFFEE DOMREY PARK MALL,store,franchisee,,ធ្យូបកាហ្វេ ដំរីផាកម៉ល,"Address bill to: Domrey Park 598 Community Mall, No. 140, Street 598, Sangkat Chrang Chomres 1,",069 948 898,https://maps.app.goo.gl/QkjFNpzKnzXVx7M26
MNR,TUBE COFFEE PREAH MONIRETH,store,franchisee,,ធ្យូបកាហ្វេ ព្រះមុន្នីរ៉េត,"Address Bill to: #48-50 Samdech Monireth Blvd Toul Svay Prey II, Boueng Keng Kang, Phnom Penh",010 269 289,https://maps.app.goo.gl/Cx6fc3qpTRnhxJAe9
KPI,TUBE COFFEE + KOH PICH ISLAND,store,franchisee,,ធ្យូបកាហ្វេផ្លឹស កោះពេជ្រ,"Address bill to: Type 3 of The Elysée B2-020 Street Koh Pich ,Tonle Bassac,",010 818 810,https://maps.app.goo.gl/FZtEwzxbfu2dUSZDA
CKD,TUBE COFFEE + CHAMKADOUNG,store,franchisee,,ធ្យូបកាហ្វេផ្លឹស ចំការដូង,"Address bill to: #339, St.217 (Chamkar Doung), Phum Thmey, Sangkat Dong Kao",070 221 231,https://maps.app.goo.gl/mWhzzMwmJUdUfw1q9
2K4,TUBE COFFEE STREET 2004,store,franchisee,,ធ្យូបកាហ្វេ ២០០៤,"Address bill to: 422 Street 2004, Sangkat Teuk Thla, Khan Sen Sok, Phnom Penh, Cambodia",015 468 788,https://maps.app.goo.gl/1HUXiuTccQ6anhNh9
TNH,TUBE COFFEE TECHO SANTEPHEAP NATIONAL HOSPITAL,store,franchisee,,ធ្យូបកាហ្វេ មន្ទីពេទ្យតេជោសន្ដិភាព,"TECHO SANTEPHEAP NATIONAL HOSPITAL, Tomnop Kop Srov Road,Sangkat Kouk Roka, Khan Prek Pnov, Phnom Penh, Cambodia",098 758 788,https://maps.app.goo.gl/1pmuwopJa57Te84P6
PBS,TUBE COFFEE PENG HOUTH BOEUNG SNOR,store,franchisee,,ធ្យូបកាហ្វេ ប៉េងហួតបឹងស្នោរ,"#05 National Road 01, Sangkat Niroth, Khan Chhbar Ampov, Phnom Penh, Cambodia",093 618 788,https://maps.app.goo.gl/iaG3cTjSG1GRWset4
KXW,TUBE COFFEE KAMPONG SOM EXPRESS WAY,store,franchisee,,ធ្យូបកាហ្វេ ផ្លូវល្បឿនលឿនកំពង់សោម,"Phnom Penh-Sihanoukville Expressway, Kampong Seila District, Preah Sihanouk Province, Cambodia.",087 476 668,https://maps.app.goo.gl/iaG3cTjSG1GRWset5
TVS,TUBE COFFEE RIVER SIDE,store,franchisee,,ធ្យូបកាហ្វេ មាត់ទន្លេ,"#385 Preah Sisowath Quay, Sangkat Chey Chumneah, Khan Daun Penh, Phnom Penh, Cambodia",086 548 788,https://maps.app.goo.gl/q6S1bap3zq6i1tTM6
BTB,TUBE COFFEE BATTAMBANG,store,franchisee,,ធ្យូបកាហ្វេ បាត់ដំបង,"Phum Chamkar Somraong II, Sangkat Chamkar Somraong, Krong Battambang, Cambodia",015 383 900,https://maps.app.goo.gl/vQYpZpQTei8NfrCB7
CC3,TUBE COFFEE CHOM CHAO NATIONAL ROAD 3,store,franchisee,,ធ្យូបកាហ្វេ ចោមចៅផ្លូវជាតិលេខ៣,"#02 National Road 03, Sangkat Chom Chao II, Khan Por Senchey, Phnom Penh, Cambodia",087 918 887,https://maps.app.goo.gl/ZB49YzJrSaNNfvJU7
MCA,TUBE COFFEE MEAN CHEY AVENUE MALL,store,franchisee,,ធ្យូបកាហ្វេ មានជ័យម៉ល,"Mean Chey Avenue, a Community Mall, Hun Sen Blvd, Sangkat Chak Angre Krom, Khan Meanchey, Phnom Penh, Cambodia",087 216 667,https://maps.app.goo.gl/zfwLYdDxbm2eTvg78
RTN,TUBE COFFEE + REACH THEANY,store,franchisee,,ធ្យូបកាហ្វេផ្លឹស រាជធានី,"#21 Street 122 conner Street 257 Phum 11 Sangkat Teuk La’ork I, Khan Toul Kork, Phnom Penh, Cambodia",016 273 739,https://maps.app.goo.gl/mKpjNs9ckwoUoNHj9
SHV,TUBE COFFEE SIHANOUKVILLE CITY,store,franchisee,,ធ្យូបកាហ្វេ ក្រុងព្រះសីហនុ,"066 Street 7 Makara, Phum 2, Sangkat 4, Khan Mittapheap, Sihanoukville, Preah Sihanouk Province, Cambodia.",015 383 985,https://maps.app.goo.gl/YnGJLwsf15E92toN7
CKC,TUBE COFFEE CAMKO CITY,store,franchisee,,ធ្យូបកាហ្វេ កាំកូ,"Phum Poung Peay, Sangkat Toul Sangke II, Khan Russey Keo, Phnom Penh, Cambodia",015 370 755,https://maps.app.goo.gl/XaJAuCbZHQiamzdS6
SVT,TUBE COFFEE SIEM REAP,store,franchisee,,ធ្យូបកាហ្វេ សៀមរាប,"Street Krom2, Phum Mondol 2, Sangkat Svay Dangkum, Krong Siem Reap, Siem Reap Province, Cambodia.",010 636 900,https://maps.app.goo.gl/v2keNiGHZMFBhLt27
TPL,TUBE COFFEE PREAK LEAP,store,franchisee,,ធ្យូបកាហ្វេ ព្រែកលៀប,"1618 National Raod 6A, Phum Prek Leap, Sangkat Prek Leap, Khan Chroy Changvar, Phnom Penh, Cambodia",093 585 797,https://maps.app.goo.gl/k8SwLmQAY8q7xECo9
KSH,TUBE COFFEE KHMER SOVIET FRIENDSHIP HOSPITAL,store,franchisee,,ធ្យូបកាហ្វេ មន្ទីរពេទ្យមិត្តភាពខ្មែរ សូវៀត,"KHMER-SOVIET FRENDSHIP HOSPITAL, Land lot No. Street 271 , Sangkat Tumnob Tuek, Khan Boeung Keng Kang, Phnom Penh, Cambodia",015 371 571,https://maps.app.goo.gl/w7x4z4XsPYH1szyZ6
KPT,TUBE COFFEE KAMPOT,store,franchisee,,ធ្យូបកាហ្វេ កំពត,"Street 735, Phum 1 Ousaphea, Sangkat Kampong Kandal, Krong Kampot, Kampot Province, Cambodia",093 588 528,https://maps.app.goo.gl/3q7M2sU3cxQ4gYZU8
PPC,TUBE COFFEE POIPET PARK CITY,store,franchisee,,ធ្យូបកាហ្វេ ប៉ោយប៉ែតផាកស៊ីធី,"The Park City Poipet, 1 Park Square, Phum Kilo 4, Sangkat Phsar Kandal, Krong Poipet, Banteay Meanchey Province, Cambodia",098 636 909,https://maps.app.goo.gl/vHrgCpmLFoz1ky5i7
271,TUBE COFFEE STREET 271,store,franchisee,,ធ្យូបកាហ្វេ ២៧១,"47F Street 271, Sangkat Phsar Doem Thkauv, Khan Chamkarmon, Phnom Penh, Cambodia",015 541 199,https://maps.app.goo.gl/iHEsF925qaHMSuRZ7
BVT,TUBE COFFEE KRONG BAVET,store,franchisee,,ធ្យូបកាហ្វេ ក្រុងបាវិត,"National Road 01, Sangkat Bavet, Bavet City, Svay Rieng Province, Cambodia",015 654 644,https://maps.app.goo.gl/ZfgAGJkFeE5fXhsD8
STT,TUBE COFFEE SANTHORMOK THMEY,store,franchisee,,ធ្យូបកាហ្វេ សន្ធរម៉ុកថ្មី,"770 Street 128, Phum 1, Sangkat Teuk Laork I, Khan Toul Kork, Phnom Penh, Cambodia",070 711 533,https://maps.app.goo.gl/maQsGEE4kNFPcCVS6
KTM,TUBE COFFEE KRONG TA KHMAO,store,franchisee,,ធ្យូបកាហ្វេ ក្រុងតាខ្មៅ,"9 National Road 21, Sangkat Ta Khmao, Krong Ta Khmao, Kandal Province, Cambodia",016 688 363,https://maps.app.goo.gl/FZ3LtTPQtsDucTVx5
AMS,TUBE COFFEE AEON MALL SOTHEAROS,store,franchisee,,ធ្យូបកាហ្វេ អ៊ីអនម៉លសុធារស,"132, Samdech Sothearos Blvd Tonle Bassac, Chamkarmon Phnom Penh, Cambodia",086 303076,https://maps.app.goo.gl/7QKt1She6pU48K4e6
AMM,TUBE COFFEE AEON MALL MEAN CHEY,store,franchisee,,ធ្យូបកាហ្វេ អ៊ីអនម៉លមានជ័យ,"Hun Sen Blvd, Sangkat Chak Angre Krom, Khan Mean Chey, Phnom Penh, Cambodia",0968777100,https://maps.app.goo.gl/ZkBQTs9XoA7raZGk8
AMC,TUBE COFFEE AEON MALL SEN SOK CITY,store,franchisee,,ធ្យូបកាហ្វេ អ៊ីអនម៉លសែនសុខស៊ីធី,"Street 1003, Phum Bayab, Sangkat Phnom Penh Thmey, Khan Sen Sok, Phnom Penh, Cambodia",015 231 531,https://maps.app.goo.gl/bULT9bkESm1BrB9b9
PCT,TUBE COFFEE POCHENTONG,store,franchisee,,ធ្យូបកាហ្វេ ពោធិ៍ចិនតុង,"Russian Federation Blvd, Sangkat Kakab 1, Khan Por Senchey, Phnom Penh, Cambodia",087 397 887,https://maps.app.goo.gl/un8fMDd2JLLgk7y36
KMS,TUBE COFFEE KRAMOUN SAR,store,franchisee,,ធ្យូបកាហ្វេ ក្រមួនសរ,"26 E0 + E1 Preah Ang Duong Street 110, Phum 2, Sangkat Wat Phnom, Khan Daun Penh, Phnom Penh, Cambodia",096 585 9998,https://maps.app.goo.gl/ZEsCxSS6fckX8NMr7?g_st=atm
PPN,TUBE COFFEE PREK PNOV,store,franchisee,,ធ្យូបកាហ្វេ ព្រែកព្នៅ,"Land Plot No. 36, National Road 5, Phum Phsar Lech, Sangkat Prek Pnov, Khan Prek Pnov, Phnom Penh, Cambodia",070 217 227,https://maps.app.goo.gl/zp7LRWjT7MpuhfKu6?g_st=atm
MLO,TUBE COFFEE MALINE OFFICE,store,franchisee,,ធ្យូបកាហ្វេ ការិយាល័យម៉ាលីន,"162 Preah Norodom Blvd Corner Street 466, Sangkat Tonle Bassac, Khan Chamkarmon, Phnom Penh, Cambodia",093 767 336,https://maps.app.goo.gl/BhV9mLxp4wXpushg7?g_st=atm
HFB,TUBE COFFEE HANOI FRIENDSHIP,store,franchisee,,ធ្យូបកាហ្វេ មិត្តភាពហាណូយ,"1794, Phnom Penh Hanoi Friendship Blvd, Phum Pong Peay, Sangkat Phnom Penh Thmey, Khan Sen Sok, Phnom Penh, Cambodia",086 45 90 90,https://maps.app.goo.gl/3WwWiWBGeCB9F7Na7?g_st=atm
CMH,TUBE COFFEE CALMETTE HOSPITAL,store,franchisee,,ធ្យូបកាហ្វេ មន្ទីពេទ្យកាល់ម៉ែត,"Calmette Hospital, Techo Aphivadh Building – 1F, Preah Monivong Blvd, Sangkat Sras Chok, Khan Daun Penh, Phnom Penh, Cambodia.",015 660 695,https://maps.app.goo.gl/3rbiPK3D2MKENTtk6?g_st=atm
MNV,TUBE COFFEE PREAH MONIVONG BLVD,store,franchisee,,ធ្យូបកាហ្វេ មហាវិថីព្រះមុនីវង្ស,"Preah Monivong Blvd, Sangkat Boeung Keng Kang I, Khan Chamkarmon, Phnom Penh, Cambodia",093 263 800,https://maps.app.goo.gl/6eMAjWYb5k99ormR9?g_st=atm
SVN,TUBE COFFEE SOVANNA,store,franchisee,,ធ្យូបកាហ្វេ សុវណ្ណា,"69 + 71E0 Street 271, Phum 4, Sangkat Tomnob Teuk, Khan Boeung Keng Kang, Phnom Penh, Cambodia",096 99 33 956,https://maps.app.goo.gl/pCWAajsZGzAHwvND6
CSP,TUBE COFFEE CHEA SOPHARA,store,franchisee,,ធ្យូបកាហ្វេ ជាសុផារ៉ា,"Peace Station Chea Sophara, Street 598, Sangkat Chrang Chamreah II, Khan Russey Keo, Phnom Penh, Cambodia",087 511 157,https://maps.app.goo.gl/sKKddBEavponssHi6
RKK,TUBE COFFEE ROKAKAONG,store,franchisee,,ធ្យូបកាហ្វេ រកាកោង,"Peace Station RokaKoang, National Road 6, Phum Svay Chrum, Khum Preaek Dambang, Srok Mukh Kampul, Kandal Province, Cambodia",093 587 767,https://maps.app.goo.gl/o5skKUMmuhLEWYWL8
RGA,TUBE COFFEE ROYAL RESIDENT GARDEN ANGKOR,store,franchisee,,ធ្យូបកាហ្វេ សួនព្រះរាជដំណាក់អង្គរ,"Sangkat Svay Dangkum, Krong Siem Reap, Siem Reap Province, Cambodia",010 636 933,https://maps.app.goo.gl/sKKddBEavponssHi6
VKK,TUBE COFFEE VILLA KENG KANG,store,franchisee,,ធ្យូបកាហ្វេ វីឡាកេងកង,"2B Street 288, Phum 6, Boeng Keng Kang Ti Muoy, Chamkarmon, Phnom Penh",010 868 997,https://maps.app.goo.gl/SgkNdPswR8y5LcxB8
DTK,TUBE COFFEE DORNG TONG KOH KONG,store,franchisee,,ធ្យូបកាហ្វេ ដងទង់កោះកុង,"Peace Station Dorng Tong, Street 3, Phum Ti Mouy, Sangkat Smach Mean Chey, Krong Khemmearakphumin, Koh Kong Province, Cambodia",015 388 331,https://maps.app.goo.gl/5aerzBuZngAUXpYp6?g_st=it
KCM,TUBE COFFEE KRONG CHBAR MON,store,franchisee,,ធ្យូបកាហ្វេ ក្រុងច្បារមន,"Peace Station Krong Chbar Mon, National Road 4, Phum Borei Kammeakar, Sangkat Chbar Mon, Krong Chbar Mon, Kampong Speu Province, Cambodia",096 877 9975,https://maps.app.goo.gl/xx5FPtwK9PtzH9SD8?g_st=ic
OU3,TUBE COFFEE OU3 SIHANOUKVILLE,store,franchisee,,ធ្យូបកាហ្វេ អូរបី ក្រុងព្រះសីហនុ,"Peace Station OU3, Street Mittapheap, Phum Pram, Sangkat Lekh Buon, Sihanoukville, Preah Sihanouk Province, Cambodia",016 702 363,https://maps.app.goo.gl/mJG4rhSLSJ5vZSjG7
KM9,TUBE COFFEE KILOMATE 9,store,franchisee,,ធ្យូបកាហ្វេ គីឡូម៉ែត្រ៩,"Peace Station Kilomate 9, National Road 5 , Sangkat Chrang Chamreah I, Khan Russey Keo, Phnom Penh, Cambodia",069 859 589,https://maps.app.goo.gl/W9QYmUPtniSk3mL8A
NSF,TUBE COFFEE NSSF HEAD OFFICE,store,franchisee,,ធ្យូបកាហ្វេ ការិយាល័យកណ្ដាល ប.ស.ស.,"National Social Security Fund Head Office – GF, Street Betong, Sangkat Khmuonh, Khan Sen Sok, Phnom Penh, Cambodia.",093279966,https://maps.app.goo.gl/V4GKHMR9xAnzNqxv9?g_st=atm
KP2,TUBE COFFEE KOH PICH CITY,store,franchisee,,ធ្យូបកាហ្វេ កោះពេជ្រស៊ីធី,"Koh Pich City, KP-004-A02 Street Sopheak Mongkol, Phum14, Sangkat Tonle Bassac, Khan Chamkarmon, Phnom Penh, Cambodia",010 636 933,https://maps.app.goo.gl/db95Pa146kcftu1o7
PTC,TUBE COFFEE BOREY PIPUB THMEY,store,franchisee,,ធ្យូបកាហ្វេ បុរី ពិភពថ្មី ចំការដូង,"Borey Pipub Thmey Ckamkadoung 91+93 Street 7, Phum Sombuor, Sangkat Dangkao, Khan Dangkao, Phnom Penh, Kingdom of Cambodia",016 267 811,https://maps.app.goo.gl/Fej9ZkH1mpvWw6268
371,TUBE COFFEE 371,store,franchisee,,ធ្យូបកាហ្វេ ៣៧១,"360 Street 371, Phum Thnot Chrum, Sangkat Boeng Tumpun, Khan Mean Chey, Phnom Penh, Kingdom of Cambodia",096 476 0808,https://maps.app.goo.gl/i452bWgm7197T1CU9?g_st=it
KLC,TUBE COFFEE KOH KONG LIVING COMPLEX,store,franchisee,,ធ្យូបកាហ្វេ កោះកុងលីវីង ខមផ្លេកស៍,"Koh Kong Living Complex Building - 1F, National Road 48, Phum Cham Yeam, Khum Pak Khlang, Srok Mundul Seima, Koh Kong Province, Kingdom of Cambodia",086 299 962,https://maps.app.goo.gl/b1qzqnqeFezRLUwr6?g_st=it
TKC,TUBE COFFEE TOUL KORK CONCEPT STORE,store,franchisee,,ធ្យូបកាហ្វេ ទួលគោក ខនសិប ស្តរ,"61 Street 315, Phum Pram Muoy, Sangkat Boeng Kak II, Khan Toul Kork, Phnom Penh, Kingdom of Cambodia",096 463 49 49,https://maps.app.goo.gl/j9YXwxpZ6MQMZW387
KMH,TUBE COFFEE PREAH KET MEALEA HOSPITAL,store,franchisee,,ធ្យូបកាហ្វេ មន្ទីរពេទ្យព្រះកេតុមាលា,"Preah Ket Mealea Hospital, Samdech Pichey Sena Tea Banh 297 Building - GF, France St. (47), Phum Dab Bei, Sangkat Srah Chak, Khan Doun Penh, Phnom Penh, Cambodia.",086454988,https://maps.app.goo.gl/xGUQEzdq1jMrsBhV9
KPC,TUBE COFFEE KOMPONG CHAM,store,franchisee,,ធ្យូបកាហ្វេ កំពង់ចាម,"N01 National Road 7, Phum Buon, Sangkat Veal Vong, Krong Kampong Cham, Kampong Cham Province, Kingdom of Cambodia",070313439,https://maps.app.goo.gl/bcQjvfuzRqBHoBDr5
KPP,TUBE COFFEE KRONG POIPET,store,franchisee,,ធ្យូបកាហ្វេ ក្រុងប៉ោយប៉ែត,"Land Pot No. 0009 National Road 5, Phum Baliley Pir, Sangkat Poipet, Krong Poipet, Bantaey Meanchey Province, Kingdom of Cambodia",093838370,https://maps.app.goo.gl/PHzjuUuaQakDdFP9A?g_st=app.nicegram.Share
KNR,TUBE COFFEE KOH NOREA,store,franchisee,,ធ្យូបកាហ្វេ កោះនរា,"Koh Norea Satellite City, Phum Norea, Sangkat Nirouth, Khan Chbar Ampov, Phnom Penh, Kingdom of Cambodia",015719779,https://maps.app.goo.gl/1ZoZeGbKm9eMZ9dH7
OLP,TUBE COFFEE OLYMPIC,store,franchisee,,ធ្យូបកាហ្វេ អូឡាំពិក,"Peace Station Olympic, Street 286 corner Street 199, Phum Pir, Sangkat Olympic, Khan Boeng Keng Kang, Phnom Penh,Kingdom of Cambodia",070 336032,https://maps.app.goo.gl/okSq5je2Pc7nj5in7
GDT,TUBE COFFEE GDT TOWER,store,franchisee,,ធ្យូបកាហ្វេ អគារអគ្គនាយកដ្ឋានពន្ធដារ,"General Department of Taxation Tower, 2-4B, 2F, Street Pondar,Chroy Changvar, Chroy Changvar, Phnom Penh.",093 454 878,https://maps.app.goo.gl/mQbvzSs5eDbJpmA57
PKT,TUBE COFFEE PREK THNAOT,store,franchisee,,ធ្យូបកាហ្វេ ព្រែកត្នោត,"Land Plot No.1763 National Road 2 Preaek Kampues, Dangkao Phnom Penh",070 940 096,https://maps.app.goo.gl/g1dLDVqrhpn6XjEw8
TSP,TUBE COFFEE TOURISM PIER,store,franchisee,,ធ្យូបកាហ្វេ កំពង់ផែទេសចរណ៍,"Tourism Pier Street Samdech Akka Moha Sena Padei Techo Hun Sen Lekh Bei, Preah Sihanoukville",070 630 093,https://maps.app.goo.gl/XgDVhSYykByN18YTA
KBS,TUBE COFFEE KOB SROV,store,franchisee,,ធ្យូបកាហ្វេ កប់ស្រូវ,"Street Tomnob Kobsrov Chaom Chau, Pou Saen Chey Phnom Penh",070 391 009,"https://www.google.com/maps/place/KOI+Th%C3%A9+KOB+SROV/@11.5428742,104.8118891,191m/data=!3m1!1e3!4m6!3m5!1s0x31094f00760bf0ad:0xd66e8e098e10389c!8m2!3d11.5425952!4d104.8117198!16s%2Fg%2F11x83ttk1p?authuser=0&entry=ttu&g_ep=EgoyMDI2MDQyMi4wIKXMDSoASAFQAw%3D%3D"
BKS,TUBE COFFEE BEKUS,store,franchisee,,ធ្យូបកាហ្វេ បែកគូស,,,
