Item Code,Description,Category,Type,UOM,Unit Price,Supplier
GEN-021,Accounting Software License (Annual),Non-food,Indirect,License,300,
GEN-056,"Air Conditioner (Split Unit, Commercial)",Non-food,Indirect,Pcs,650,
O000014,Alcohol,Non-food,Indirect,Tin,40,HOSANA
NEW-001,Alcohol (Nsf),Non-food,Indirect,Tin,40,HOSANA
GEN-023,All-Purpose Cleaner,Non-food,Indirect,Btl,4.5,
GEN-040,Almond Milk,Food,Direct,L,3.8,
I00050,Andros Chunky Lychee Rose,Food,Direct,Pack,12.1,BONCAFE
NEW-002,Apron-Barista,Non-food,Indirect,Pcs,4.5,Mayura Tailor Shop
I00043,Arabica Bean,Food,Direct,Kg,11.3,Chapter 5
GEN-012,Bar Stool,Non-food,Indirect,Pcs,65,
GEN-018,Barcode Scanner,Non-food,Indirect,Pcs,85,
NEW-003,Best Cows,Food,Direct,CTN,31,REACH SUPPLY
GEN-005,Blender (Commercial),Non-food,Indirect,Pcs,380,
GEN-071,Bottled Sparkling Water (Retail),Food,Direct,Btl,0.75,
GEN-070,Bottled Still Water (Retail),Food,Direct,Btl,0.3,
GEN-034,Branded Mug (Premium Gift),Non-food,Indirect,Pcs,4.5,
GEN-033,Branded T-Shirt (Staff/Promo),Non-food,Indirect,Pcs,8,
GEN-032,Branded Tote Bag (Premium Gift),Non-food,Indirect,Pcs,3.5,
GEN-037,Branded Umbrella (Premium Gift),Non-food,Indirect,Pcs,9,
GEN-041,Brown Sugar Syrup,Food,Direct,Btl,8.5,
GEN-010,Cafe Chair,Non-food,Indirect,Pcs,45,
GEN-011,Cafe Table (2-seater),Non-food,Indirect,Pcs,120,
GEN-042,Caramel Sauce (Generic),Food,Direct,Btl,7.5,
I00004,Caramel Syrup,Food,Direct,BTL,12.08,Kofi
GEN-052,Card Payment Terminal (POS),Non-food,Indirect,Pcs,220,
GEN-053,Cash Drawer,Non-food,Indirect,Pcs,85,
GEN-020,CCTV Camera (Per Unit),Non-food,Indirect,Pcs,95,
NEW-004,Chef Hat,Non-food,Indirect,BOX,3,ELEPHANT PLASTIC
GEN-044,Chocolate Chips,Food,Direct,Kg,6.8,
I00006,Chocolate Sauce,Food,Direct,BTL,4.17,LIVCOMO
GEN-068,Cinnamon Powder,Food,Direct,Kg,5.5,
O000015,"Clean Pro, Hypochiorous",Non-food,Indirect,Btl,32.67,Community Pharma
GEN-001,Coffee Grinder (Commercial),Non-food,Indirect,Pcs,450,
HQ-002,Connector 200 Type,Non-food,Indirect,Pcs,35,
GEN-066,Cordless Drill (Maintenance Tool),Non-food,Indirect,Pcs,65,
I00057,Cream Aero Top Plus,Food,Direct,Box,4.41,Penisula
I00054,Cream Avoset,Food,Direct,Box,4.8,Penisula
I00063,Cream Ice Hot Non-Dairy Creamer,Food,Direct,BOX,1.82,Kofi
GEN-045,"Croissant (Frozen, Wholesale)",Food,Direct,Pcs,0.85,
HQ-003,Customized PC (Clone),Non-food,Indirect,Pcs,1860,Chantra Computer
I00048,Davinci Chocolate Sauce,Food,Direct,BTL,19.69,GBS
NEW-005,Davinci Pum 10Ml,Food,Direct,PCS,3.95,GBS
I00051,Davinci Rose Syrup,Food,Direct,BTL,8.8,GBS
GEN-051,Delivery Paper Bag (Branded),Non-food,Direct,Pcs,0.28,
GEN-059,Delivery Platform Integration/Tablet,Non-food,Indirect,Pcs,180,
GEN-004,Digital Kitchen Scale,Non-food,Indirect,Pcs,35,
GEN-025,Dish Soap (Commercial),Non-food,Indirect,Btl,6,
GEN-058,Display Chiller/Fridge (Countertop),Non-food,Indirect,Pcs,480,
GEN-007,Drinking Glass 12oz,Non-food,Indirect,Pcs,2.5,
GEN-002,"Espresso Machine (Commercial, 2-Group)",Non-food,Indirect,Pcs,4500,
GEN-065,Extension Cord/Power Strip,Non-food,Indirect,Pcs,8,
O000012,Face Mask,Non-food,Indirect,BOX,1.25,ELEPHANT PLASTIC
GEN-031,Fire Extinguisher,Non-food,Indirect,Pcs,40,
GEN-030,First Aid Kit,Non-food,Indirect,Kit,25,
GEN-026,Floor Mop Set,Non-food,Indirect,Set,15,
NEW-006,Gas 48 Kg,Non-food,Indirect,TIN,52,SONG HENG GAS
O000004,Gas Cream Charger,Food,Direct,PCS,8.15,Kofi
GEN-024,Glass Cleaner,Non-food,Indirect,Btl,3.8,
GEN-009,Glass Coffee Server/Carafe,Non-food,Indirect,Pcs,22,
O000011,Hand Cleaning Soap,Non-food,Indirect,Btl,19.8,Community Pharma
NEW-007,Hand Towel (Ctn/24Pack),Non-food,Indirect,Pcs,1.21,Comfy / MC Tissue
NEW-008,Hand Towel (Ctn/24Pack) Vat,Non-food,Indirect,Pcs,1.33,Comfy / MC Tissue
I00016,Honey Syrup,Food,Direct,BOX,4.21,LIVCOMO
GEN-006,Ice Maker Machine,Non-food,Indirect,Pcs,1200,
GEN-054,Illuminated Signage Board (Storefront),Non-food,Indirect,Pcs,320,
GEN-050,Insulated Delivery Bag,Non-food,Indirect,Pcs,14,
I000044,Isi Soda Charger 10S,Food,Direct,PCS,6.49,Kofi
NEW-009,Jumbo Roll (Ctn/12Pack),Non-food,Indirect,Pcs,2.08,Comfy / MC Tissue
NEW-010,Jumbo Roll (Ctn/12Pack) Vat,Non-food,Indirect,Pcs,2.29,Comfy / MC Tissue
HQ-008,Keyboard B2 Pro (Black),Non-food,Indirect,Unit,45,KT Group
HQ-009,Keyboard M6 Ultra (Black),Non-food,Indirect,Unit,45,KT Group
O000009,Kichen Cleaning Soap,Non-food,Indirect,Btl,29.7,Community Pharma
HQ-005,Kiosk Display,Non-food,Indirect,Unit,1150,DAVID LY
HQ-006,Kiosk Stand,Non-food,Indirect,Unit,680,DAVID LY
NEW-011,Kirisu Milk 2L,Food,Direct,Btl,4.4,BTND (Kirisu)
HQ-001,Laptop Dell XPS9345,Non-food,Indirect,Pcs,1099,
GEN-063,LED Ceiling Light Fixture,Non-food,Indirect,Pcs,25,
I00017,Lime,Food,Direct,Kg,0.75,Srey Nea
GEN-060,Loyalty App/CRM Software License (Annual),Non-food,Indirect,License,800,
GEN-035,"Loyalty Card (Printed, per 100)",Non-food,Indirect,Pack,12,
I00018,Lychee Syrup,Food,Direct,BTL,12.08,Kofi
NEW-012,Matcha Powder 200G,Food,Direct,Pack,11.92,Matcha
GEN-029,Menu Board/Display,Non-food,Indirect,Pcs,45,
NEW-013,Milac Gold Milk,Food,Direct,Box,4.4,Indugana Cambodia
GEN-003,Milk Frothing Pitcher,Non-food,Indirect,Pcs,18,
C00004,Mini Almond Crossiant,Food,Direct,Pack,1.05,The Cake Factory
C00002,Mini Chocolate Tin,Food,Direct,Pack,1.01,The Cake Factory
C00001,Mini Crossiant,Food,Direct,Pack,0.91,The Cake Factory
C00005,Mini Raisin Roll,Food,Direct,Pack,1.05,The Cake Factory
I00046,Monin Caramel Sauce,Food,Direct,BTL,29.79,Kofi
I00047,Monin Liquid Concentrate,Food,Direct,BTL,10.24,Kofi
NEW-014,Monin Pump Puree-15Ml,Food,Direct,PCS,5.75,Kofi
NEW-015,Monin Pump-10Ml,Food,Direct,PCS,4.6,Kofi
I00056,Monin Yuzu Fruit Puree,Food,Direct,BTL,22.89,Kofi
HQ-004,"Monitor Dell 27"" Plus S2725QC",Non-food,Indirect,Pcs,369,Chantra Computer
NEW-016,Mop Shine Spring Fresh 5L,Non-food,Indirect,Btl,16.6,Community Pharma
GEN-046,Muffin Mix,Food,Direct,Kg,12,
GEN-048,Name Badge (Staff),Non-food,Indirect,Pcs,2.5,
NEW-017,Napkin Logo (Ctn/30Pack),Non-food,Direct,Ctn,19,Comfy / MC Tissue
NEW-018,Napkin Logo (Ctn/30Pack) Vat,Non-food,Direct,Ctn,20.9,Comfy / MC Tissue
I00022,Non-Diary Creamer,Food,Direct,PACK,3.34,Kofi
GEN-049,Non-Slip Safety Shoes (Staff),Non-food,Indirect,Pair,22,
GEN-039,Oat Milk,Food,Direct,L,4.2,
GEN-013,Outdoor Table Set,Non-food,Indirect,Set,280,
NEW-019,Pants-Barista,Non-food,Indirect,Pcs,12,Mayura Tailor Shop
NEW-020,Paper Bags 130x120x230Mm,Non-food,Direct,Pcs,0.32,Plastic Seal
NEW-021,Paper Bags 225x120x230Mm,Non-food,Direct,Pcs,0.4,Plastic Seal
NEW-022,Paper Cup 4Oz,Non-food,Direct,Pcs,0.1,BORA Green
O000005,Paper Roll,Non-food,Indirect,Roll,0.54,SD Technology
P00004,Paper Roll Sticker,Non-food,Indirect,Roll,1.98,SD Technology
I00023,Passion,Food,Direct,Kg,1.1,Srey Nea
O000013,Plastic Gloove (Black),Non-food,Indirect,BOX,3,ELEPHANT PLASTIC
PC026,Plastic Sauce 1Oz,Non-food,Direct,CTN,17.5,ELEPHANT PLASTIC
PC027,Plastic Sauce 2Oz,Non-food,Direct,CTN,20,ELEPHANT PLASTIC
GEN-015,POS Counter Stand,Non-food,Indirect,Pcs,380,
GEN-022,POS Software License (Annual),Non-food,Indirect,License,600,
GEN-016,POS Terminal/System,Non-food,Indirect,Set,650,
HQ-007,Print ID Card Matte (7x10.5cm),Non-food,Indirect,Unit,3.4,"62 PRINT CO., LTD"
GEN-036,"Promotional Flyer/Poster (Printed, per 100)",Non-food,Indirect,Pack,35,
I00024,Raspberry Tea Syrup,Food,Direct,BTL,12.08,Kofi
GEN-017,Receipt Printer,Non-food,Indirect,Pcs,120,
GEN-057,Refrigerator Compressor (Spare Part),Non-food,Indirect,Pcs,95,
P00013,Rubbish Plastic Big Size,Non-food,Indirect,KG,1.32,ELEPHANT PLASTIC
P00014,Rubbish Plastic Small Size,Non-food,Indirect,BOX,1.32,ELEPHANT PLASTIC
GEN-069,Sandwich Bread (Wholesale),Food,Direct,Loaf,1.2,
GEN-062,Security Alarm System (Per Store),Non-food,Indirect,Set,250,
NEW-023,Shirt-Barista,Non-food,Indirect,Pcs,15,Mayura Tailor Shop
NEW-024,Smart San G-2 5Kg,Non-food,Indirect,Btl,24.92,Community Pharma
GEN-064,Sound System/Speaker (In-store),Non-food,Indirect,Pcs,140,
NEW-025,Soup Cup + Lid Cup 390Ml,Non-food,Direct,CTN,80,ELEPHANT PLASTIC
GEN-061,Staff Training Manual (Printed Set),Non-food,Indirect,Set,15,
GEN-047,"Staff Uniform Apron (Barista, Alt Style)",Non-food,Indirect,Pcs,6.5,
GEN-014,Storage Shelving Unit,Non-food,Indirect,Pcs,150,
I00058,Sweet Coconut,Food,Direct,Pcs,1,Great Partner
GEN-028,Table Number Stand,Non-food,Indirect,Pcs,3.5,
GEN-038,Table Tent/Standee (Marketing Display),Non-food,Indirect,Pcs,6,
NEW-026,Th Milk 950Ml,Food,Direct,Box,1.76,Indugana Cambodia
NEW-028,Thermoplan 4C Coffee Cleansing Tab,Non-food,Indirect,Box,31.26,Kofi
O000007,Thermoplan Coffee Cleansing Tab,Non-food,Indirect,Box,36.49,Kofi
GEN-027,Trash Bags (Roll),Non-food,Indirect,Roll,8,
I00009,Tube Bean,Food,Direct,KG,9.68,Kofi
I00067,Tube Chocolate Powder,Food,Direct,PACK,5.06,Kofi
I00068,Tube Cocoa Powder,Food,Direct,PACK,1.9,Kofi
I00071,Tube Coffee Evaporated Milk,Food,Direct,CAN,0.79,Kofi
I00073,Tube Green Tea,Food,Direct,PACK,7.21,Kofi
NEW-027,Tube Red Tea,Food,Direct,PACK,5.64,Kofi
I00030,Vanilla Base,Food,Direct,PACK,19.34,Kofi
GEN-067,Vanilla Bean Extract,Food,Direct,Btl,9.5,
I00031,Vanilla Syrup,Food,Direct,BTL,12.08,Kofi
GEN-008,Water Glass 8oz,Non-food,Indirect,Pcs,1.8,
GEN-043,Whipped Cream (Canned),Food,Direct,Can,5.2,
PC021,White Clear Fork,Non-food,Direct,CTN,23,ELEPHANT PLASTIC
PC020,White Clear Spoon,Non-food,Direct,CTN,23,ELEPHANT PLASTIC
I00032,White Sugar,Food,Direct,PCS,2.09,Kofi
GEN-019,WiFi Router (Commercial Grade),Non-food,Indirect,Pcs,150,
I00033,Wildberry Syrup,Food,Direct,BTL,12.08,Kofi
GEN-055,Window Decal / Branding Sticker,Non-food,Indirect,Pcs,18,
P00028,Yellow Hot Straw,Non-food,Direct,PACK,1.9,ELEPHANT PLASTIC
I00034,Yellow Lemon,Food,Direct,Kg,3.5,Srey Nea
I00035,Yogurt Powder,Food,Direct,PACK,19.44,Kofi